{
    "root_group": {
        "path": "",
        "id": "d41d8cd98f00b204e9800998ecf8427e",
        "groups": {},
        "checks": {
                "status was 200": {
                    "name": "status was 200",
                    "path": "::status was 200",
                    "id": "1461660757a913d4fb82ac4c5e1009de",
                    "passes": 3,
                    "fails": 0
                }
            },
        "name": ""
    },
    "metrics": {
        "http_req_receiving": {
            "max": 0,
            "p(90)": 0,
            "p(95)": 0,
            "avg": 0,
            "min": 0,
            "med": 0
        },
        "iterations": {
            "count": 1,
            "rate": 0.23496292496510685
        },
        "http_req_blocked": {
            "min": 0,
            "med": 0,
            "max": 532.2147,
            "p(90)": 425.77176000000003,
            "p(95)": 478.9932299999999,
            "avg": 177.4049
        },
        "http_req_duration": {
            "p(95)": 236.24079,
            "avg": 227.09086666666667,
            "min": 220.5495,
            "med": 223.0125,
            "max": 237.7106,
            "p(90)": 234.77098
        },
        "vus_max": {
            "value": 1,
            "min": 1,
            "max": 1
        },
        "http_req_tls_handshaking": {
            "p(90)": 198.60592,
            "p(95)": 223.43165999999997,
            "avg": 82.75246666666666,
            "min": 0,
            "med": 0,
            "max": 248.2574
        },
        "checks": {
            "passes": 3,
            "fails": 0,
            "value": 1
        },
        "http_req_waiting": {
            "avg": 226.92243333333332,
            "min": 220.5495,
            "med": 222.5072,
            "max": 237.7106,
            "p(90)": 234.66992,
            "p(95)": 236.19026
        },
        "http_reqs": {
            "count": 3,
            "rate": 0.7048887748953205
        },
        "http_req_duration{expected_response:true}": {
            "max": 237.7106,
            "p(90)": 234.77098,
            "p(95)": 236.24079,
            "avg": 227.09086666666667,
            "min": 220.5495,
            "med": 223.0125
        },
        "http_req_connecting": {
            "max": 220.9424,
            "p(90)": 176.75392,
            "p(95)": 198.84815999999998,
            "avg": 73.64746666666666,
            "min": 0,
            "med": 0
        },
        "http_req_sending": {
            "min": 0,
            "med": 0,
            "max": 0.5053,
            "p(90)": 0.40424,
            "p(95)": 0.45476999999999995,
            "avg": 0.16843333333333332
        },
        "http_req_failed": {
            "passes": 0,
            "fails": 3,
            "value": 0
        },
        "vus": {
            "value": 1,
            "min": 1,
            "max": 1
        },
        "iteration_duration": {
            "min": 4255.7663,
            "med": 4255.7663,
            "max": 4255.7663,
            "p(90)": 4255.7663,
            "p(95)": 4255.7663,
            "avg": 4255.7663
        },
        "data_sent": {
            "rate": 200.18841207027103,
            "count": 852
        },
        "data_received": {
            "count": 16997,
            "rate": 3993.664835631921
        }
    }
}